INSERT INTO Student (admno, name, batch, stream, rollno, email, cgpa) VALUES
    ('2023000001', 'John Doe', '2023', 'Science', 101, 'john.doe@example.com', 3.75),
    ('2023000002', 'Jane Smith', '2023', 'Arts', 102, 'jane.smith@example.com', 3.85),
    ('2023000003', 'Michael Johnson', '2023', 'Commerce', 103, 'michael.johnson@example.com', 3.90),
    ('2023000004', 'Emily Williams', '2023', 'Science', 104, 'emily.williams@example.com', 3.70),
    ('2023000005', 'Christopher Brown', '2023', 'Arts', 105, 'christopher.brown@example.com', 3.80),
    ('2023000006', 'Jessica Jones', '2023', 'Commerce', 106, 'jessica.jones@example.com', 3.95),
    ('2023000007', 'Matthew Davis', '2023', 'Science', 107, 'matthew.davis@example.com', 3.65),
    ('2023000008', 'Olivia Miller', '2023', 'Arts', 108, 'olivia.miller@example.com', 3.75),
    ('2023000009', 'David Wilson', '2023', 'Commerce', 109, 'david.wilson@example.com', 3.85),
    ('2023000010', 'Emma Moore', '2023', 'Science', 110, 'emma.moore@example.com', 3.60),
    ('2023000011', 'Andrew Taylor', '2023', 'Arts', 111, 'andrew.taylor@example.com', 3.70),
    ('2023000012', 'Sophia Anderson', '2023', 'Commerce', 112, 'sophia.anderson@example.com', 3.80),
    ('2023000013', 'Daniel Thomas', '2023', 'Science', 113, 'daniel.thomas@example.com', 3.55),
    ('2023000014', 'Isabella Jackson', '2023', 'Arts', 114, 'isabella.jackson@example.com', 3.65),
    ('2023000015', 'James White', '2023', 'Commerce', 115, 'james.white@example.com', 3.75),
    ('2023000016', 'Charlotte Harris', '2023', 'Science', 116, 'charlotte.harris@example.com', 3.50),
    ('2023000017', 'William Martin', '2023', 'Arts', 117, 'william.martin@example.com', 3.60),
    ('2023000018', 'Ava Thompson', '2023', 'Commerce', 118, 'ava.thompson@example.com', 3.70),
    ('2023000019', 'Ethan Garcia', '2023', 'Science', 119, 'ethan.garcia@example.com', 3.45),
    ('2023000020', 'Madison Martinez', '2023', 'Arts', 120, 'madison.martinez@example.com', 3.55);

INSERT INTO Professor (id, name, email, salary) VALUES
    (101, 'John Smith', 'john.smith@example.com', 60000.00),
    (102, 'Emily Johnson', 'emily.johnson@example.com', 65000.00),
    (103, 'Michael Williams', 'michael.williams@example.com', 70000.00),
    (104, 'Jessica Brown', 'jessica.brown@example.com', 62000.00),
    (105, 'Daniel Jones', 'daniel.jones@example.com', 68000.00),
    (106, 'Sophia Davis', 'sophia.davis@example.com', 64000.00),
    (107, 'David Miller', 'david.miller@example.com', 72000.00),
    (108, 'Emma Wilson', 'emma.wilson@example.com', 69000.00),
    (109, 'Matthew Moore', 'matthew.moore@example.com', 71000.00),
    (110, 'Olivia Taylor', 'olivia.taylor@example.com', 73000.00),
    (111, 'Andrew Anderson', 'andrew.anderson@example.com', 66000.00),
    (112, 'Charlotte Thomas', 'charlotte.thomas@example.com', 75000.00),
    (113, 'William Jackson', 'william.jackson@example.com', 74000.00),
    (114, 'Ava White', 'ava.white@example.com', 68000.00),
    (115, 'James Harris', 'james.harris@example.com', 77000.00),
    (116, 'Madison Martin', 'madison.martin@example.com', 72000.00),
    (117, 'Ethan Thompson', 'ethan.thompson@example.com', 71000.00),
    (118, 'Isabella Garcia', 'isabella.garcia@example.com', 69000.00),
    (119, 'Alexander Martinez', 'alexander.martinez@example.com', 70000.00),
    (120, 'Mia Robinson', 'mia.robinson@example.com', 68000.00);


INSERT INTO Book (id, name, author, price) VALUES
    ('B0001', 'The Great Gatsby', 'F. Scott Fitzgerald', 10.99),
    ('B0002', 'To Kill a Mockingbird', 'Harper Lee', 12.50),
    ('B0003', '1984', 'George Orwell', 11.25),
    ('B0004', 'Pride and Prejudice', 'Jane Austen', 9.75),
    ('B0005', 'The Catcher in the Rye', 'J.D. Salinger', 10.00),
    ('B0006', 'Harry Potter and the Sorcerer Stone', 'J.K. Rowling', 15.99),
    ('B0007', 'The Hobbit', 'J.R.R. Tolkien', 14.75),
    ('B0008', 'Lord of the Flies', 'William Golding', 11.50),
    ('B0009', 'Animal Farm', 'George Orwell', 10.25),
    ('B0010', 'The Da Vinci Code', 'Dan Brown', 13.99),
    ('B0011', 'Gone with the Wind', 'Margaret Mitchell', 12.75),
    ('B0012', 'The Lord of the Rings', 'J.R.R. Tolkien', 20.50),
    ('B0013', 'The Alchemist', 'Paulo Coelho', 9.99),
    ('B0014', 'The Hunger Games', 'Suzanne Collins', 11.25),
    ('B0015', 'Brave New World', 'Aldous Huxley', 10.50),
    ('B0016', 'Catch-22', 'Joseph Heller', 12.99),
    ('B0017', 'The Grapes of Wrath', 'John Steinbeck', 14.25),
    ('B0018', 'The Chronicles of Narnia', 'C.S. Lewis', 18.75),
    ('B0019', 'Moby-Dick', 'Herman Melville', 16.50),
    ('B0020', 'The Picture of Dorian Gray', 'Oscar Wilde', 13.25);


INSERT INTO Course (course_code, name, instructor) VALUES
    ('C0001', 'Introduction to Biology', 101),
    ('C0002', 'Chemistry Basics', 102),
    ('C0003', 'Introduction to Psychology', 103),
    ('C0004', 'English Composition', 104),
    ('C0005', 'Introduction to Computer Science', 105),
    ('C0006', 'History of Art', 106),
    ('C0007', 'Statistics Fundamentals', 107),
    ('C0008', 'Introduction to Economics', 108),
    ('C0009', 'Calculus I', 109),
    ('C0010', 'Spanish Language Basics', 110),
    ('C0011', 'Introduction to Sociology', 111),
    ('C0012', 'Physics for Beginners', 112),
    ('C0013', 'Environmental Science', 113),
    ('C0014', 'Literature Appreciation', 114),
    ('C0015', 'Music Theory', 115),
    ('C0016', 'Introduction to Philosophy', 116),
    ('C0017', 'Business Management Principles', 117),
    ('C0018', 'Marketing Fundamentals', 118),
    ('C0019', 'World Geography', 119),
    ('C0020', 'Anthropology Basics', 120);

INSERT INTO CourseWork (course_code, book_id) VALUES
    ('C0001', 'B0001'),
    ('C0002', 'B0003'),
    ('C0003', 'B0009'),
    ('C0004', 'B0004'),
    ('C0005', 'B0006'),
    ('C0006', 'B0008'),
    ('C0007', 'B0010'),
    ('C0008', 'B0011'),
    ('C0009', 'B0012'),
    ('C0010', 'B0014'),
    ('C0011', 'B0015'),
    ('C0012', 'B0016'),
    ('C0013', 'B0017'),
    ('C0014', 'B0018'),
    ('C0015', 'B0019'),
    ('C0016', 'B0020'),
    ('C0017', 'B0007'),
    ('C0018', 'B0013'),
    ('C0019', 'B0005'),
    ('C0020', 'B0010');

INSERT INTO Studies (studAdmo, course_code) VALUES
    ('2023000001', 'C0001'),
    ('2023000002', 'C0002'),
    ('2023000003', 'C0003'),
    ('2023000004', 'C0004'),
    ('2023000005', 'C0005'),
    ('2023000006', 'C0006'),
    ('2023000007', 'C0007'),
    ('2023000008', 'C0008'),
    ('2023000009', 'C0009'),
    ('2023000010', 'C0010'),
    ('2023000011', 'C0011'),
    ('2023000012', 'C0012'),
    ('2023000013', 'C0013'),
    ('2023000014', 'C0014'),
    ('2023000015', 'C0015'),
    ('2023000016', 'C0016'),
    ('2023000017', 'C0017'),
    ('2023000018', 'C0018'),
    ('2023000019', 'C0019'),
    ('2023000020', 'C0020');

